type,name,parent_directory,size_bytes
file,circle.py,.,425
file,Generate_files_7.py,.,955
file,main.py,.,162
file,README.md,.,889
file,Seminar_1.py,.,6675
file,Seminar_2.py,.,9313
file,Seminar_3.py,.,11885
file,Seminar_4.py,.,11449
file,Seminar_5.py,.,7553
file,Seminar_6.py,.,8776
file,Seminar_7.py,.,16525
file,Seminar_71_data_1.txt,.,260
file,Seminar_72_data_2.txt,.,108
file,Seminar_73_data_3.json,.,464
file,Seminar_73_data_3.pickle,.,373
file,Seminar_73_data_3.txt,.,326
file,Seminar_8.py,.,13556
file,Seminar_82_db.json,.,89
file,Seminar_82_db.pickle,.,94
file,Seminar_83_db.csv,.,56
file,Seminar_84_db_csv.csv,.,197
file,Seminar_84_db_csv.json,.,428
file,Seminar_84_db_csv.pickle,.,208
file,Seminar_84_db_csv_2.csv,.,197
file,Task_1.py,.,3499
file,Task_2.py,.,3145
file,Task_3.py,.,6272
file,Task_4.py,.,5149
file,Task_5.py,.,2813
file,Task_6.py,.,2403
file,Task_7.py,.,3204
file,Task_8.py,.,4291
directory,.git,.,353117
directory,Seminar_6_Module,.,26352
directory,Seminar_7_data_4,.,28652
directory,Seminar_7_Module,.,20844
directory,Seminar_8_Module,.,15796
directory,__pycache__,.,10403
file,COMMIT_EDITMSG,.\.git,14
file,config,.\.git,318
file,description,.\.git,73
file,FETCH_HEAD,.\.git,115
file,HEAD,.\.git,21
file,index,.\.git,7035
file,ORIG_HEAD,.\.git,41
file,packed-refs,.\.git,112
directory,hooks,.\.git,23513
directory,info,.\.git,240
directory,logs,.\.git,14595
directory,objects,.\.git,306928
directory,refs,.\.git,112
file,applypatch-msg.sample,.\.git\hooks,478
file,commit-msg.sample,.\.git\hooks,896
file,fsmonitor-watchman.sample,.\.git\hooks,4726
file,post-update.sample,.\.git\hooks,189
file,pre-applypatch.sample,.\.git\hooks,424
file,pre-commit.sample,.\.git\hooks,1643
file,pre-merge-commit.sample,.\.git\hooks,416
file,pre-push.sample,.\.git\hooks,1374
file,pre-rebase.sample,.\.git\hooks,4898
file,pre-receive.sample,.\.git\hooks,544
file,prepare-commit-msg.sample,.\.git\hooks,1492
file,push-to-checkout.sample,.\.git\hooks,2783
file,update.sample,.\.git\hooks,3650
file,exclude,.\.git\info,240
file,HEAD,.\.git\logs,5306
directory,refs,.\.git\logs,9289
directory,heads,.\.git\logs\refs,5306
directory,remotes,.\.git\logs\refs,3983
file,main,.\.git\logs\refs\heads,5306
directory,origin,.\.git\logs\refs\remotes,3983
file,HEAD,.\.git\logs\refs\remotes\origin,208
file,main,.\.git\logs\refs\remotes\origin,3775
directory,00,.\.git\objects,1911
directory,02,.\.git\objects,141
directory,04,.\.git\objects,3213
directory,05,.\.git\objects,165
directory,06,.\.git\objects,2505
directory,09,.\.git\objects,3541
directory,0a,.\.git\objects,1144
directory,0c,.\.git\objects,1355
directory,0d,.\.git\objects,530
directory,0e,.\.git\objects,7430
directory,0f,.\.git\objects,2482
directory,10,.\.git\objects,1186
directory,11,.\.git\objects,430
directory,13,.\.git\objects,3598
directory,14,.\.git\objects,1330
directory,15,.\.git\objects,206
directory,17,.\.git\objects,369
directory,1b,.\.git\objects,4280
directory,1c,.\.git\objects,164
directory,1e,.\.git\objects,2708
directory,20,.\.git\objects,1349
directory,22,.\.git\objects,3002
directory,24,.\.git\objects,239
directory,26,.\.git\objects,742
directory,27,.\.git\objects,304
directory,29,.\.git\objects,163
directory,2b,.\.git\objects,1946
directory,2c,.\.git\objects,1223
directory,2e,.\.git\objects,1201
directory,2f,.\.git\objects,2287
directory,30,.\.git\objects,5854
directory,31,.\.git\objects,357
directory,32,.\.git\objects,4056
directory,33,.\.git\objects,584
directory,34,.\.git\objects,484
directory,35,.\.git\objects,435
directory,36,.\.git\objects,1080
directory,37,.\.git\objects,242
directory,3b,.\.git\objects,203
directory,3c,.\.git\objects,1665
directory,3d,.\.git\objects,2649
directory,3e,.\.git\objects,363
directory,3f,.\.git\objects,3481
directory,40,.\.git\objects,228
directory,41,.\.git\objects,2321
directory,44,.\.git\objects,448
directory,45,.\.git\objects,56
directory,46,.\.git\objects,383
directory,47,.\.git\objects,369
directory,4a,.\.git\objects,739
directory,4b,.\.git\objects,2720
directory,4c,.\.git\objects,3238
directory,4d,.\.git\objects,2001
directory,4e,.\.git\objects,2074
directory,51,.\.git\objects,2563
directory,52,.\.git\objects,3565
directory,53,.\.git\objects,1538
directory,56,.\.git\objects,6972
directory,5b,.\.git\objects,2780
directory,5d,.\.git\objects,420
directory,5e,.\.git\objects,892
directory,5f,.\.git\objects,1601
directory,60,.\.git\objects,167
directory,61,.\.git\objects,520
directory,62,.\.git\objects,139
directory,64,.\.git\objects,3175
directory,67,.\.git\objects,167
directory,69,.\.git\objects,331
directory,6b,.\.git\objects,1040
directory,6c,.\.git\objects,174
directory,6d,.\.git\objects,884
directory,6e,.\.git\objects,168
directory,6f,.\.git\objects,632
directory,70,.\.git\objects,1533
directory,71,.\.git\objects,558
directory,72,.\.git\objects,4117
directory,73,.\.git\objects,1824
directory,74,.\.git\objects,202
directory,75,.\.git\objects,1540
directory,77,.\.git\objects,984
directory,78,.\.git\objects,2793
directory,79,.\.git\objects,188
directory,7a,.\.git\objects,202
directory,7c,.\.git\objects,1041
directory,7d,.\.git\objects,1201
directory,7e,.\.git\objects,2275
directory,7f,.\.git\objects,195
directory,80,.\.git\objects,1707
directory,81,.\.git\objects,1353
directory,82,.\.git\objects,170
directory,85,.\.git\objects,1350
directory,86,.\.git\objects,1550
directory,87,.\.git\objects,1874
directory,88,.\.git\objects,165
directory,89,.\.git\objects,6491
directory,8a,.\.git\objects,5606
directory,8b,.\.git\objects,2735
directory,8c,.\.git\objects,757
directory,8e,.\.git\objects,169
directory,8f,.\.git\objects,1100
directory,90,.\.git\objects,660
directory,92,.\.git\objects,2399
directory,93,.\.git\objects,438
directory,95,.\.git\objects,2196
directory,96,.\.git\objects,196
directory,97,.\.git\objects,169
directory,98,.\.git\objects,1708
directory,99,.\.git\objects,3826
directory,9a,.\.git\objects,5103
directory,9b,.\.git\objects,1962
directory,9f,.\.git\objects,3790
directory,a0,.\.git\objects,332
directory,a1,.\.git\objects,2565
directory,a2,.\.git\objects,5194
directory,a3,.\.git\objects,165
directory,a5,.\.git\objects,559
directory,a7,.\.git\objects,200
directory,a8,.\.git\objects,1378
directory,a9,.\.git\objects,1379
directory,ab,.\.git\objects,296
directory,ac,.\.git\objects,111
directory,ad,.\.git\objects,1322
directory,ae,.\.git\objects,4696
directory,b0,.\.git\objects,5601
directory,b1,.\.git\objects,74
directory,b3,.\.git\objects,175
directory,b5,.\.git\objects,3733
directory,b7,.\.git\objects,2199
directory,b9,.\.git\objects,3320
directory,ba,.\.git\objects,4500
directory,bb,.\.git\objects,526
directory,bc,.\.git\objects,1082
directory,bd,.\.git\objects,228
directory,be,.\.git\objects,3300
directory,bf,.\.git\objects,884
directory,c0,.\.git\objects,1376
directory,c2,.\.git\objects,201
directory,c3,.\.git\objects,2096
directory,c4,.\.git\objects,2364
directory,c5,.\.git\objects,280
directory,c6,.\.git\objects,3163
directory,c7,.\.git\objects,1776
directory,ca,.\.git\objects,2408
directory,cb,.\.git\objects,1417
directory,ce,.\.git\objects,3160
directory,cf,.\.git\objects,7144
directory,d1,.\.git\objects,1422
directory,d2,.\.git\objects,1155
directory,d4,.\.git\objects,4655
directory,d6,.\.git\objects,864
directory,d7,.\.git\objects,177
directory,d8,.\.git\objects,165
directory,da,.\.git\objects,5088
directory,db,.\.git\objects,1521
directory,dc,.\.git\objects,178
directory,dd,.\.git\objects,626
directory,de,.\.git\objects,4380
directory,df,.\.git\objects,764
directory,e1,.\.git\objects,3360
directory,e3,.\.git\objects,1288
directory,e4,.\.git\objects,764
directory,e6,.\.git\objects,4165
directory,e7,.\.git\objects,177
directory,e9,.\.git\objects,1041
directory,eb,.\.git\objects,333
directory,ec,.\.git\objects,343
directory,ed,.\.git\objects,2501
directory,ee,.\.git\objects,1913
directory,ef,.\.git\objects,1084
directory,f2,.\.git\objects,662
directory,f3,.\.git\objects,793
directory,f7,.\.git\objects,2725
directory,f8,.\.git\objects,1788
directory,f9,.\.git\objects,2740
directory,fa,.\.git\objects,3271
directory,fb,.\.git\objects,2348
directory,fd,.\.git\objects,1634
directory,ff,.\.git\objects,713
directory,info,.\.git\objects,0
directory,pack,.\.git\objects,2057
file,1a00ca13a7948e0965837797849d4a38ff9268,.\.git\objects\00,1911
file,896d6969f392260a2d43bd2e82aecccc6c37af,.\.git\objects\02,141
file,4cf1f2f99d312b89d668e6745a9d93cfc2b8a3,.\.git\objects\04,3213
file,c9d6431cf4b6dd8d25c65348320a5ee116d72d,.\.git\objects\05,165
file,a2d0148087e0864987d66028479d18e31e024a,.\.git\objects\06,1994
file,cf41f62aff355fffd2fa2e67d80805d4556c21,.\.git\objects\06,511
file,1b441ce59e1e47fa6db50b16a6a3136b81dc31,.\.git\objects\09,167
file,7119c0b7f5948483982fc42a9988d5ded6a41a,.\.git\objects\09,1466
file,b9e2026e15042e0241104d8a5b3fc6701f6cd4,.\.git\objects\09,358
file,d7f602f7a1a8965efd018cbf6d4116fe97fc8f,.\.git\objects\09,1550
file,ecc24c5824a7d5373334003882c99c32ed4b8c,.\.git\objects\0a,1144
file,7a68b5717aa2a2748b22e4a975d8d8ff6314f8,.\.git\objects\0c,1355
file,14932d4dc9791985c52c2f58c2f6c8e9c24341,.\.git\objects\0d,530
file,13c1c3ac028968f997e3c920b4d245a746cd4e,.\.git\objects\0e,335
file,17a684b650d68a15d0f34a2cb64a174170139e,.\.git\objects\0e,165
file,3959abff8b5595211574c2bab017967379b8da,.\.git\objects\0e,1237
file,5c36e4c1e5399d490312650ccac198473e0081,.\.git\objects\0e,559
file,688df2a44d95ca246ca64d1d11eea660049ab7,.\.git\objects\0e,2461
file,a404092f4b56e831511010b718642e7ead40c3,.\.git\objects\0e,2673
file,7ba4774fc42b26aae892b7cfcedd295529936c,.\.git\objects\0f,2482
file,17b34fe8b73f48fecca4e71f02691a16886f52,.\.git\objects\10,874
file,1e38be755abcda9b211a3601863f088b579db3,.\.git\objects\10,216
file,f3cf40375d8d6336d09b235fdfe0ccc2762230,.\.git\objects\10,96
file,4a9f9ebba722988bbe2a12ef62d81f6ffccfee,.\.git\objects\11,430
file,e698f1ab5fb271ff7910900bcdaaf6fb6020b8,.\.git\objects\13,3598
file,a9655fda1b773d14e58019fae4a3bd80cd21ec,.\.git\objects\14,1330
file,b93225bc635fbac56d97f996a68f652ff5f99d,.\.git\objects\15,206
file,50530bce26859e8640a3581811102560c30109,.\.git\objects\17,369
file,a31bb7892c1535d30292dd43548c91f7628caf,.\.git\objects\1b,920
file,b08d6b2c7e49006908c2fe53080c17d2399696,.\.git\objects\1b,1327
file,c8209efa23db0f86ec475306cfb9c2f638c5e1,.\.git\objects\1b,2033
file,498a9daf9e5f30fbed0610acc2ec5b595a95e5,.\.git\objects\1c,164
file,267a5387e05a57eb8500897beb96b5ea386ffb,.\.git\objects\1e,227
file,f96bdcd7a6466a2643fb4cf85ab84197785938,.\.git\objects\1e,2481
file,8ec2070167836999aa9f71b67ab87246b04690,.\.git\objects\20,1349
file,7a6f69a4c79c329a5486f5b7c45992c5501b67,.\.git\objects\22,1005
file,e3eebbf56a569552e69a8816ddce36da968d2e,.\.git\objects\22,1997
file,999099a0506c4dafe2319ce4b958eae8a72a2a,.\.git\objects\24,239
file,e90d7d72241ea08ba72d7ba425f5d5198c3c20,.\.git\objects\26,742
file,0a72fcebcc08a501dde4fc85325d7c16482d29,.\.git\objects\27,304
file,f26e91d58ca6aef9f4dfe8e31b9f24e85ad1f5,.\.git\objects\29,163
file,d81e2b19a53e139a5cf563db346642d3d11f38,.\.git\objects\2b,1946
file,8c35564675cb108ee837062e59a4dcc385cc88,.\.git\objects\2c,1223
file,eacd1a07c04a32e2196861856a416fa7813cf7,.\.git\objects\2e,1201
file,509555b04067c3bee2952f4314ee1c08c94cde,.\.git\objects\2f,869
file,b136f5332bacdfebfbe2efef13004d69de577c,.\.git\objects\2f,1418
file,28277fd87b36e615daba76fba714efa6256739,.\.git\objects\30,445
file,48ad33cc14c527a8ea4f60e23e522575451db7,.\.git\objects\30,2972
file,5b4824de1699baf5f5823c3ea73c00d307cdfb,.\.git\objects\30,167
file,6271bbf6d6030dad9dc5607d893f00655374a2,.\.git\objects\30,2270
file,db4ed857dbda189c53899d9811e56981bdefc3,.\.git\objects\31,357
file,753a4d0d80d46d7905aa2734b1441bd22d3d54,.\.git\objects\32,254
file,c53ff7555d35ed0b07721c22a83289fca45894,.\.git\objects\32,3802
file,3fbafcc1bed643a074a92b682cec26bd476889,.\.git\objects\33,209
file,a1cd43d2cdd029cd1500585dec13d500807dcf,.\.git\objects\33,375
file,7e3c9d91ccba86cc537fd8bb69fbe3e289ed03,.\.git\objects\34,177
file,f84345b09bf85ed7f23b080e2077737794ede0,.\.git\objects\34,307
file,307548f2633856ba99ff725a22dbb89e90d82e,.\.git\objects\35,435
file,aa7c93a7d5b8f49ddbd7aa8cee7b5403679a2a,.\.git\objects\36,412
file,efc6d35334264ef10d6b9e725eccb296e5f1cb,.\.git\objects\36,668
file,add4c335fa8049d69b004f190f51a6ce384b98,.\.git\objects\37,242
file,0076cf6a03315c9e362f090b481a3f35e36cd5,.\.git\objects\3b,203
file,409268b8977099a88c309375038900f0f7ee92,.\.git\objects\3c,1665
file,0d56de261cf1d6adece84ccb56d7c27516a00c,.\.git\objects\3d,1332
file,d28d531cc8be81f6ae42f27c891c9270c14a40,.\.git\objects\3d,1317
file,cba67cf4ffa1d7bc3596e36ddc311fbfae3e73,.\.git\objects\3e,363
file,09f2db93515b7ca2b4c985c2061d7a9fffe0f8,.\.git\objects\3f,2638
file,f37d119e3802da183762c7dcaa242927098ea7,.\.git\objects\3f,843
file,edaa9cad20b6417f02cfd787598c0a245e48ba,.\.git\objects\40,228
file,3bb14f40a314a649da6d42c446d64444652638,.\.git\objects\41,2321
file,7037a07859a3b59cf6b7c3ec16c77e7e815c45,.\.git\objects\44,280
file,cb38e5d097902ec0808e5f0dfc0be3bf3cbe71,.\.git\objects\44,168
file,610fc77fc61f6c1ce6d2740541d31954a0c24a,.\.git\objects\45,56
file,eb413ce0f02435973822240c84057adac9e5d2,.\.git\objects\46,383
file,65d2ab6f091c312ebaaee0039b16e3b3c29930,.\.git\objects\47,203
file,ed1635285933e0be418352b9a74a87aea29b1b,.\.git\objects\47,166
file,e28044f61c646b4bae0ef60ea6c8f88070b470,.\.git\objects\4a,739
file,c07ade9140b4104d53d7c8789450bd1aacb4e6,.\.git\objects\4b,2720
file,c2b81d972d699140870e1540c949a95bba97da,.\.git\objects\4c,1018
file,c4a6b3a226ca75723e54ed505c640b759b909e,.\.git\objects\4c,477
file,d0774e09915cda5f126382da2397bc5c24e98a,.\.git\objects\4c,1743
file,1d25103a6ac9d5c9f48f64476d4d7583c31eb0,.\.git\objects\4d,762
file,424162412b80f8bcea3fac54fea94846f40af6,.\.git\objects\4d,1239
file,eef202ecefbcf2406cc6629acd16afa938d34a,.\.git\objects\4e,2074
file,7c6cafe7f0e624f69be56f9bb2616cdbf9bb30,.\.git\objects\51,2563
file,6ad55e262e869915dc5b9268e6daed2936e692,.\.git\objects\52,188
file,d56c3421f69fb5abf0e6f1747c1e8874997257,.\.git\objects\52,3377
file,06decb8aefc4e802157cc87a322e8d7aec067d,.\.git\objects\53,1201
file,2407c20679ccb7e6325011d71fa7f298e9155b,.\.git\objects\53,337
file,4ca40888540ee3771604df86db9dbdf942398e,.\.git\objects\56,202
file,b649bb401011080761a261ebf7154511501301,.\.git\objects\56,2048
file,b8f6e5ba51e018b0c177862f1fb1e51c3838c4,.\.git\objects\56,4722
file,95b9c3f50e4beff5182f9ce1070db1bcc55213,.\.git\objects\5b,751
file,95c637df8e019ce7b1060e84ac9c5f17474c03,.\.git\objects\5b,2029
file,6cacdb0702c3775dd265063b06e77643d3efbe,.\.git\objects\5d,420
file,3cbb2e2b93b0c4ecd85c9eee11fd5b7d44e62b,.\.git\objects\5e,406
file,f22187a4295a3cffd8d10e953a26937c44e65e,.\.git\objects\5e,486
file,25d96f0de474c7f9eed760bf1075a7d200b23b,.\.git\objects\5f,1432
file,95eb97716f0ef110fcbf9f8d845fe875c8062f,.\.git\objects\5f,169
file,792707c21f9b4b4475460dadd1b98ac175e76e,.\.git\objects\60,167
file,3ec5aa22f71dbd015493fba544e65a1f2ccfdb,.\.git\objects\61,520
file,dc9bb70bb6034ea40ff7ef1c2b91c03437833b,.\.git\objects\62,139
file,c1ab7d17ac864a20a3d1983912ece66f8ade83,.\.git\objects\64,862
file,f5a141452abbddf45259015042ed0e128d5e6d,.\.git\objects\64,2313
file,f9ac36c8a07befea2eac367a0bf135092f946e,.\.git\objects\67,167
file,146d548566245a97cb845e9a197314873694e6,.\.git\objects\69,98
file,bcc05eff87778e030cf82cc3aa57fb4f8b456e,.\.git\objects\69,233
file,0623ec486738552dba6b6e50095fe659d4cd8b,.\.git\objects\6b,165
file,f35f701544082784f0dbec0a3b952581fe1d8c,.\.git\objects\6b,875
file,53e0b0f94448b998bad6463049694c58a35823,.\.git\objects\6c,174
file,1de347e5d3a8af631d5d49afff42042343375a,.\.git\objects\6d,384
file,4f301db1edf5222a3223754263f6f8a7740664,.\.git\objects\6d,500
file,67626b8d6c452be27ecebf6025a8b2371e96e7,.\.git\objects\6e,168
file,66a6781f8ce0c95348599dc862b52444851491,.\.git\objects\6f,632
file,a80110973a7817cca882a37f9fd97d01732de0,.\.git\objects\70,1533
file,15c046917339696d7e5f7861d9ab032ed72e42,.\.git\objects\71,558
file,94771452d4e26fe9961d2640c840347796fb4f,.\.git\objects\72,4117
file,f34f9405c90c99951f94143743b3ca4b881e0f,.\.git\objects\73,1824
file,38ff9ffaf098a851825aab2518297cd77fe092,.\.git\objects\74,202
file,508f405dc1c3ea9cceec2611284a7f1065f66c,.\.git\objects\75,1540
file,85b151f79300fda491c0cd765dfc1e8b009464,.\.git\objects\77,203
file,e964cb44b1590f3f31707279153f996483f16c,.\.git\objects\77,781
file,6047730a051cf66c75c619ed9ab7f69db25ea3,.\.git\objects\78,2521
file,c42aac414ea0ee0de8ba11cbc5a0da6c53b99a,.\.git\objects\78,272
file,a16e801fa376f177b44fdd17388e7f4ce00d5b,.\.git\objects\79,188
file,71b371426137e9cac2f6405d57417bf063a7f5,.\.git\objects\7a,202
file,b2d500efd1ea925ca83563aaed0bc1983444e1,.\.git\objects\7c,1041
file,3b9d75e6fd4c07b5950dd7a8ee6d0ad41e79c6,.\.git\objects\7d,1201
file,04a3dbb990ead80c51458c576102e6106f857c,.\.git\objects\7e,2107
file,c07568ed535e92da56fcdce71a1f5db33cf249,.\.git\objects\7e,168
file,57bfa8dbcd9a1071131789a333bd1c3afd0d86,.\.git\objects\7f,195
file,37d293580e70ec14c46450e50828385822137f,.\.git\objects\80,163
file,660c7da2f5acf97f87af7a97fea67fb683a714,.\.git\objects\80,909
file,f1623a38daf7328a39bf41b5623443d5aa08f4,.\.git\objects\80,635
file,3cd7019ddf18c394ae89368728525c6d7b5d1d,.\.git\objects\81,1353
file,0f7af6e65d6a2c0f9be8d1b16c6b8dc960c630,.\.git\objects\82,170
file,3d3c0863fc3e87193d57b0277849d5489ab1b2,.\.git\objects\85,1350
file,3321297a76a49fe93c41d3629ab0bf195122ce,.\.git\objects\86,1082
file,ddc3ac1865cf6f4179bf7587c7cbe9a5862227,.\.git\objects\86,468
file,034d8390c6ec883c6848b738300e609b6a8b1b,.\.git\objects\87,1874
file,bc2117159b07775cfe29c51e2bb60a252cbfd7,.\.git\objects\88,165
file,8992d24fe5bccc3e22cbc5a566a26e6e2814b8,.\.git\objects\89,1142
file,b0ea1e127bab1cfeff61a19f75838cb7970c33,.\.git\objects\89,5349
file,1ffd5ca48f610495a8aef306e65a7b38387020,.\.git\objects\8a,168
file,26a2f44f3a135f2eda942d2aed98cb7ceaf878,.\.git\objects\8a,1451
file,94c8dda6e420423b2777c97186c670b7520816,.\.git\objects\8a,1454
file,e1182ccf50b688c7b55d6b503ff820256ff327,.\.git\objects\8a,486
file,ffbdf08e7a40b9c54234ad720fd584f4b7f128,.\.git\objects\8a,2047
file,4c1b0277c4dfc7d45e13ca1f66db447828fa5a,.\.git\objects\8b,537
file,8d27f16883c553c442d8b20d6cf7bf4f95bf37,.\.git\objects\8b,2198
file,0006b551d021eefb8c7de56c1a9aa42644285b,.\.git\objects\8c,757
file,d1e1adfc6f462219486935ef5e26d4bfdcf695,.\.git\objects\8e,169
file,df0eb32a1b03d0b496cb5cd4bf0fc85e178a35,.\.git\objects\8f,1100
file,13eeec80659f3ca0153e527a3536aa392aec4c,.\.git\objects\90,660
file,edb5247eeac4ec30f765ad2fbe0be05fb1e2af,.\.git\objects\92,2399
file,268aad06aee3c9b4adb132dc61e1390386ce57,.\.git\objects\93,104
file,b9496db936bd0e9ce27a44c9d1c8a95134bebd,.\.git\objects\93,334
file,09eb635ea0e6720e9fe21f2114235781a5305a,.\.git\objects\95,2196
file,e5078fda600c87812f864a887014f813ea20f1,.\.git\objects\96,196
file,6565e9087904017c312a2ffda171343c35f958,.\.git\objects\97,169
file,eac10b2f16bacd5d08f8d7f28ffd8693e01004,.\.git\objects\98,1708
file,651dbef3e08fbbf0640310433ae911122fc9df,.\.git\objects\99,851
file,77bfe2285a1b082b04ae43fb9fd325770dbaac,.\.git\objects\99,598
file,81b62ad4a7fcb282946ac38ee94daaa130d052,.\.git\objects\99,2377
file,8fad630f99e11f286382dc553d323a3fd8db51,.\.git\objects\9a,1298
file,baa5975d50c7f6039fb4f112a568ed38fc30af,.\.git\objects\9a,3805
file,54aba7fdae586b77ead33d1a9009343218a6d3,.\.git\objects\9b,253
file,a331174337b72a728084ad9a7671715826e4fa,.\.git\objects\9b,1709
file,6578625ce774750fc4dec1f742fc3199f2fc67,.\.git\objects\9f,1704
file,eb4ade24b362464cf8a42a4fbdfbf3c926b6ff,.\.git\objects\9f,1090
file,fa6e05c5e5b266675119b2c7547e964f4acba1,.\.git\objects\9f,996
file,4f2cad60a1154193351c3bc9d2d33354474b7a,.\.git\objects\a0,332
file,283c7b353d1490c5309ee28d391177b80eb219,.\.git\objects\a1,2565
file,9fb486d29cee36ffaa6a50b783d573ee90f1d3,.\.git\objects\a2,3570
file,c947aeff6e3bdfcbefbe0fa9cf3ba04c1b3bb8,.\.git\objects\a2,1624
file,fa9a39176378b1f67c8f547d34e41fdbe6e58c,.\.git\objects\a3,165
file,e912ed7a87565f08145c12b336d1f7de0841ef,.\.git\objects\a5,559
file,9e11353be5444231a039bb5fedbea67ad741c8,.\.git\objects\a7,200
file,38ae1b04c526d453c67a1f1453981f0ac0d910,.\.git\objects\a8,1378
file,e52bf1c57c61706ac890904e724d16c3c4688a,.\.git\objects\a9,1379
file,882a90bd9e4b50cde1a6661a3d9caf91e649da,.\.git\objects\ab,296
file,36478e1469b37c5d412076294b04becee07a78,.\.git\objects\ac,111
file,23cf851993cb2ff845b13cc012bd67d793c322,.\.git\objects\ad,86
file,3aea88d956da3022fd876318e8d97c3c1bc435,.\.git\objects\ad,1069
file,c4beda2666cee9a019b95e7cc8ab2cd9fedfef,.\.git\objects\ad,167
file,4a8a464e8ac20f4e1bf5177f82b59865aff9cd,.\.git\objects\ae,1771
file,57f76d7bd8c4ec57bae252133fa40a4498b314,.\.git\objects\ae,2084
file,820b55712e176a2112f68b64d153f90a9aa478,.\.git\objects\ae,841
file,3a51bd8dc37142d9b35fc29fc97b178545bab9,.\.git\objects\b0,5436
file,c15a1549a9537426838a4ad1bead3c3456ca2c,.\.git\objects\b0,165
file,019c8cc3c5428148e053a1f54dab82b7834ed0,.\.git\objects\b1,74
file,1a60fed97c82f2654d61ebfa430ea8a0e7e3de,.\.git\objects\b3,175
file,16c44121258a9bd9af0382ef403c3b9895deda,.\.git\objects\b5,593
file,acf42fab26bc1c40cf380165d10922a2283ad6,.\.git\objects\b5,250
file,da0712cef8a22f17135e25d297ca7180c19c5f,.\.git\objects\b5,2890
file,65a85f794e74272e76fa142832d5dba800c98b,.\.git\objects\b7,2199
file,535f4598c81fc518d24ce762f2965901ca0829,.\.git\objects\b9,983
file,f6f70c7eb658e036f2710466c9d0c7999979c1,.\.git\objects\b9,2337
file,608fd4122183bdf138a22c96671b9a574361ba,.\.git\objects\ba,2234
file,9269798a7f27e3aef85a680a84cc89e5a9a4d5,.\.git\objects\ba,2266
file,cf816cb893dc6384600a530e04d94f71427fd4,.\.git\objects\bb,526
file,6f684f47a57d76a35c70dbbe40faf0d5ee6fb4,.\.git\objects\bc,1082
file,48f09a69cc6253c6fb530d0c71df621e2aad2c,.\.git\objects\bd,228
file,beec95dee4e5458b0644e308d783e09238d410,.\.git\objects\be,974
file,c90745e61b322b0f10308f4b87ac37cd6931d1,.\.git\objects\be,2326
file,79d72eb3671a35ed774943e20778100baeb192,.\.git\objects\bf,437
file,de777d91bb9e0e98bf473ceaaa788cd3d545ba,.\.git\objects\bf,332
file,f5ac138c2a0aeaadaaf80af21a437849b39018,.\.git\objects\bf,115
file,dbb93bc295639dc1ad226d63ba09d1d1ce620e,.\.git\objects\c0,1376
file,11c1b9ec379291f1f8b4a869b9858cf01ec028,.\.git\objects\c2,201
file,659351b59cc05bc10828e6d07a151128022c1a,.\.git\objects\c3,2096
file,aee1b5213fe04c43650c20d7c5d36df2d9ef4e,.\.git\objects\c4,2364
file,dd60d6a9762e0a620a75947b588979a80ff87f,.\.git\objects\c5,280
file,17f5758b05e98dadebc9e1f0a788b28f26bd70,.\.git\objects\c6,631
file,61f6c123961e1ce2fa90f53a82a83dde065ff2,.\.git\objects\c6,2532
file,02f705b828f2bc37feb37fad9477212129a84a,.\.git\objects\c7,1256
file,52656efbb85fa18b65412f2627b930fc9d5d4b,.\.git\objects\c7,520
file,3986e42b7b40119fd030507941411e3bbd8dc9,.\.git\objects\ca,2408
file,d69e235acc5668e0c17a11d389675d990a4f75,.\.git\objects\cb,1417
file,89f4fe5a2e4657474b7dbbbe7894061e6c593f,.\.git\objects\ce,2407
file,8ac5ec6e23e7ddbd41826ddc889040ab18f103,.\.git\objects\ce,753
file,0f72132d5bc40446dc3b6e6ce85a68dfcaecc9,.\.git\objects\cf,1124
file,2f53c6768e3f2ff666a4ea4c9a19c26314dd4a,.\.git\objects\cf,1484
file,713688f1136c5c54a48dfc2d0ece8b3d9de54a,.\.git\objects\cf,970
file,776271e432640b7edbfc648800a5dce1107052,.\.git\objects\cf,3566
file,c2757554b02d09e45c56bdc27629e8755ea550,.\.git\objects\d1,1422
file,88ca3ec0d6518ea053c27c7cef3f00e6a99b7d,.\.git\objects\d2,261
file,aa2bc6a7d49db04a50e1c7a38ae4d28f45c6b7,.\.git\objects\d2,716
file,eb09457726c318f7a3893a7c89fe29bd46b308,.\.git\objects\d2,178
file,4fb0ecbd41040df6663cfb88aa3ed15d300012,.\.git\objects\d4,2535
file,b00f5ddb61c63685b9b031f58b76ade22a7c94,.\.git\objects\d4,160
file,f0ab11e45e3c7a8f01ee2750a55ac5df44abff,.\.git\objects\d4,1960
file,8b61271974b0a61363bd71137a4eee1da3afcd,.\.git\objects\d6,511
file,b297617852a151b853c3ef1f0e34ec7d3ed6b2,.\.git\objects\d6,353
file,f4441baea8e23754afd244e5fd1cc08046813f,.\.git\objects\d7,177
file,3e2546949eeea538b8bbce480bfd004aeae276,.\.git\objects\d8,165
file,057ba9ec75000d68bace681297e12a7bc5410b,.\.git\objects\da,1755
file,408b417769565c2bcd784a3dc82ad6ad4df87d,.\.git\objects\da,718
file,4d9a3810c9041a23c0631236f50343379a7545,.\.git\objects\da,175
file,8e9739a06a751648b83071ad2ab3880fc36a4d,.\.git\objects\da,1017
file,edd6ce27bc89ddaa988ba112422eaee3049e39,.\.git\objects\da,1423
file,14dbe925eb16aab42830bda6138a9e0d39837b,.\.git\objects\db,1521
file,6670f6d491782e758cc73551f517ab8e5389f2,.\.git\objects\dc,178
file,044c2e61ec9abf8afe1f6dff1423edb3951f88,.\.git\objects\dd,626
file,512ba4960b5b27ac49bfbfb01c3479e34a88bb,.\.git\objects\de,4380
file,173eb478ef0d10b443f672d9d696eeff40f6e6,.\.git\objects\df,764
file,607ed2aed2f30afb34ec84448b7cd9f5cf3390,.\.git\objects\e1,1837
file,64be425396cb4c5202718962f0e4e8126a56b4,.\.git\objects\e1,1523
file,4bec9cb4c69af4288ef6fe6ab8a93492506588,.\.git\objects\e3,1288
file,3742d353e1f4a80dff48011b6c3bc01f9e2408,.\.git\objects\e4,764
file,90214422696c15779821e24dcd8fb30c3094ef,.\.git\objects\e6,305
file,a9c5809826f8f316bdac179c77cd147b7b0493,.\.git\objects\e6,2531
file,b6e6e282c9ad906790a40e8f7dd89e4a21b13e,.\.git\objects\e6,1329
file,3273133dec0dd0a0f549faf01dfb9d2e57180a,.\.git\objects\e7,177
file,6c7a4d00d23e6409ddcf6dc46b8305c306f440,.\.git\objects\e9,1041
file,293852dfd35c1490565f36e64269ed2f7b2550,.\.git\objects\eb,333
file,7cfd8b88eff22afcb74ef70838d8f1fffaff3c,.\.git\objects\ec,164
file,bceca5c640f637de9df3463432b128659c2427,.\.git\objects\ec,179
file,d6812a8f6d410d638e775f6e8e793457ac9491,.\.git\objects\ed,128
file,d6f80ba77001ebccb8e2396f98a5446b2c6a53,.\.git\objects\ed,2373
file,1787e9e597da86259b4f2c9b21bebc69505d35,.\.git\objects\ee,164
file,3f4db53f212098bdaeae41f97aa3ce27b109a6,.\.git\objects\ee,315
file,3ff14856f3dc72eea377a05721abacdc71f63c,.\.git\objects\ee,1434
file,1aab25b199043fc064d5e69c7e1007efe227c8,.\.git\objects\ef,332
file,c27c9d0653e1b296ebb13dbcd6c81606b10933,.\.git\objects\ef,752
file,6feab775360dddac7169a016ff4b4f2d360ce8,.\.git\objects\f2,496
file,d529e3015eafd96025423448c0434759e8d7e0,.\.git\objects\f2,166
file,323cf262543e6ad53159214416d74d91cd3bd8,.\.git\objects\f3,793
file,7d4905f3aebc7690270f6c3eda742a3182c26f,.\.git\objects\f7,2234
file,b2aeb6d64268d5d132934c1efdc099ec95c42e,.\.git\objects\f7,279
file,b4fdf32d4887abce0965d0d2c2e88808cd35f4,.\.git\objects\f7,212
file,b14bceb63b9a324012a9fa3ac1e55c622b1b1d,.\.git\objects\f8,1623
file,ee3eedc4f9f35c0954e61f4c49b39bf0e4de8f,.\.git\objects\f8,165
file,3d56be96e7dc491e70b0ccb23209a3bf0cc4a4,.\.git\objects\f9,2512
file,d974c538398e98db406426fcdbfb6bd274bd07,.\.git\objects\f9,228
file,39c586fa5251e6cb8a8cba73f1afca10a78132,.\.git\objects\fa,2021
file,cd1dac702b33094fea43e483c428148b7dc1d5,.\.git\objects\fa,1250
file,bd1863db611ff2cb7897c6e7fbe5c0f57b9e8b,.\.git\objects\fb,1125
file,cceaa5ed705d5655687650806f9084b328c09f,.\.git\objects\fb,1223
file,51fc44bcef9ab376fe85eb12e89bec2d691b1d,.\.git\objects\fd,1634
file,5d138e1b76b4d78236fe98d6fbe8128263a3f4,.\.git\objects\ff,713
file,pack-c23b7190f5f1b5275f01f0f854674a95b2fba559.idx,.\.git\objects\pack,1156
file,pack-c23b7190f5f1b5275f01f0f854674a95b2fba559.pack,.\.git\objects\pack,901
directory,heads,.\.git\refs,41
directory,remotes,.\.git\refs,71
directory,tags,.\.git\refs,0
file,main,.\.git\refs\heads,41
directory,origin,.\.git\refs\remotes,71
file,HEAD,.\.git\refs\remotes\origin,30
file,main,.\.git\refs\remotes\origin,41
file,chess.py,.\Seminar_6_Module,2827
file,guess_the_number.py,.\Seminar_6_Module,1723
file,leap_year.py,.\Seminar_6_Module,1954
file,puzzles.py,.\Seminar_6_Module,4998
file,__init__.py,.\Seminar_6_Module,551
directory,__pycache__,.\Seminar_6_Module,14299
file,chess.cpython-311.pyc,.\Seminar_6_Module\__pycache__,3571
file,guess_the_number.cpython-311.pyc,.\Seminar_6_Module\__pycache__,2462
file,leap_year.cpython-311.pyc,.\Seminar_6_Module\__pycache__,2509
file,puzzles.cpython-311.pyc,.\Seminar_6_Module\__pycache__,5007
file,__init__.cpython-311.pyc,.\Seminar_6_Module\__pycache__,750
file,lnyjlw.rnd,.\Seminar_7_data_4,1193
file,rcwsxkknqjffhqlpdbdyidophqbt.rnd,.\Seminar_7_data_4,2715
file,xzawtxntthn.rnd,.\Seminar_7_data_4,3691
directory,pictures,.\Seminar_7_data_4,14360
directory,texts,.\Seminar_7_data_4,6693
file,eghgwufspoiszrjxphdnzkvle.jpg,.\Seminar_7_data_4\pictures,3614
file,fehvndnmkhpxe.jpg,.\Seminar_7_data_4\pictures,987
file,ojbmocb.jpg,.\Seminar_7_data_4\pictures,3694
file,otjamxitimlvmwltofojnmwkzk.png,.\Seminar_7_data_4\pictures,4005
file,puttiacsmb.png,.\Seminar_7_data_4\pictures,612
file,ytgvrlwmzjhwfan.png,.\Seminar_7_data_4\pictures,1448
file,cchwndiimhnyfmvnkmltijwgtlpsoq.doc,.\Seminar_7_data_4\texts,1193
file,cnjzwtghjjbqrokqjgiavcz.doc,.\Seminar_7_data_4\texts,521
file,hfu_new_001.docx,.\Seminar_7_data_4\texts,2434
file,isz_new_002.docx,.\Seminar_7_data_4\texts,2117
file,tfy_new_003.docx,.\Seminar_7_data_4\texts,428
file,extensions_files.py,.\Seminar_7_Module,3868
file,pseudonyms_file.py,.\Seminar_7_Module,1469
file,pseudonyms_mult_random_numbers_file.py,.\Seminar_7_Module,2393
file,random_numbers_file.py,.\Seminar_7_Module,1020
file,rename_group_files.py,.\Seminar_7_Module,1852
file,sort_directory_files.py,.\Seminar_7_Module,1191
file,__init__.py,.\Seminar_7_Module,157
directory,__pycache__,.\Seminar_7_Module,8894
file,extensions_files.cpython-311.pyc,.\Seminar_7_Module\__pycache__,4074
file,rename_group_files.cpython-311.pyc,.\Seminar_7_Module\__pycache__,2578
file,sort_directory_files.cpython-311.pyc,.\Seminar_7_Module\__pycache__,1854
file,__init__.cpython-311.pyc,.\Seminar_7_Module\__pycache__,388
file,access_users.py,.\Seminar_8_Module,2601
file,csv_to_json.py,.\Seminar_8_Module,1770
file,csv_to_print_pickle.py,.\Seminar_8_Module,914
file,json_to_csv.py,.\Seminar_8_Module,665
file,json_to_pickle.py,.\Seminar_8_Module,889
file,manage_directory.py,.\Seminar_8_Module,2611
file,pickle_to_csv.py,.\Seminar_8_Module,1126
file,text_to_json.py,.\Seminar_8_Module,1049
file,__init__.py,.\Seminar_8_Module,1012
directory,__pycache__,.\Seminar_8_Module,3159
file,text_to_json.cpython-311.pyc,.\Seminar_8_Module\__pycache__,1912
file,__init__.cpython-311.pyc,.\Seminar_8_Module\__pycache__,1247
file,Seminar_5.cpython-311.pyc,.\__pycache__,5325
file,Seminar_6module_Guess.cpython-311.pyc,.\__pycache__,2172
file,Task_5.cpython-311.pyc,.\__pycache__,2906
